{"cameraMode":{"drawMode":0,"name":"Shaded","section":"Shading Mode"},"sceneLighting":true,"audioPlay":false,"sceneViewState":{"m_AlwaysRefresh":false,"showFog":true,"showSkybox":true,"showFlares":true,"showImageEffects":true,"showParticleSystems":true,"showVisualEffectGraphs":true,"m_FxEnabled":true},"in2DMode":false,"pivot":{"x":54.42320251464844,"y":-0.6664831638336182,"z":11.05942153930664},"rotation":{"x":0.08383779972791672,"y":-0.2359442561864853,"z":0.020436663180589677,"w":0.9679277539253235},"size":9.472879409790039,"orthographic":false}